Overall,Team,Player,Nat.,Pos,Age,Start,To,Amateur Team,GP,G,A,PTS,+/-,PIM,GP,W,L,T/O,SV%,GAA,PS
1,Columbus Blue Jackets,Rick Nash\nashri01,CA,LW,18,2002,2018,London (OHL),1060,437,368,805,-11,750,,,,,,,102.6
2,Atlanta Thrashers,Kari Lehtonen\lehtoka01,FI,G,18,2002,2018,Jokerit Helsinki (KHL),649,0,28,28,0,42,649,310,233,67,0.912,2.71,116
3,Florida Panthers,Jay Bouwmeester\bouwmja01,CA,D,18,2002,2020,Medicine Hat (WHL),1240,88,336,424,-17,635,,,,,,,83.1
4,Philadelphia Flyers,Joni Pitkanen\pitkajo01,FI,D,18,2002,2013,Karpat Oulu (Finland),535,57,225,282,-8,484,,,,,,,47.4
5,Pittsburgh Penguins,Ryan Whitney\whitnry01,US,D,19,2002,2014,Boston University (H-East),481,50,209,259,-30,383,,,,,,,39.3
6,Nashville Predators,Scottie Upshall\upshasc01,CA,LW,18,2002,2018,Kamloops (WHL),759,138,146,284,9,615,,,,,,,29.4
7,Anaheim Ducks,Joffrey Lupul\lupuljo01,CA,LW,18,2002,2016,Medicine Hat (WHL),701,205,215,420,-79,407,,,,,,,45.5
8,Minnesota Wild,Pierre-Marc Bouchard\bouchpi02,CA,C,18,2002,2014,Chicoutimi (QMJHL),593,110,246,356,6,190,,,,,,,36
9,Florida Panthers,Petr Taticek\taticpe01,CZ,C,18,2002,2006,Sault Ste. Marie (OHL),3,0,0,0,0,0,,,,,,,0
10,Calgary Flames,Eric Nystrom\nystrer01,US,LW,19,2002,2016,Michigan (CCHA),593,75,48,123,-73,401,,,,,,,5.6
11,Buffalo Sabres,Keith Ballard\ballake01,US,D,19,2002,2015,Minnesota (WCHA),604,38,137,175,-13,612,,,,,,,33
12,Washington Capitals,Steve Eminger\emingst01,CA,D,18,2002,2013,Kitchener (OHL),488,19,80,99,-42,359,,,,,,,16
13,Washington Capitals,Alexander Semin\seminal01,RU,LW,18,2002,2016,Chelyabinsk (Russia-2),650,239,278,517,71,582,,,,,,,65.5
14,Montreal Canadiens,Chris Higgins\higgich01,US,LW,19,2002,2016,Yale (ECAC),711,165,168,333,-30,220,,,,,,,32.7
15,Edmonton Oilers,Jesse Niinimaki\niinije01,FI,C,19,2002,,Ilves Tampere (Finland),,,,,,,,,,,,,
16,Ottawa Senators,Jakub Klepis\klepija01,CZ,C,18,2002,2007,Portland (WHL),66,4,10,14,-13,36,,,,,,,0.2
17,Washington Capitals,Boyd Gordon\gordobo01,CA,C,18,2002,2017,Red Deer (WHL),706,56,105,161,-26,149,,,,,,,5.2
18,Los Angeles Kings,Denis Grebeshkov\grebede01,RU,D,18,2002,2014,Lokomotiv Yaroslavl (KHL),234,17,68,85,-18,114,,,,,,,13.4
19,Phoenix Coyotes,Jakub Koreis\koreija01,CZ,C,18,2002,,Plzen (Czech),,,,,,,,,,,,,
20,Buffalo Sabres,Daniel Paille\paillda01,CA,LW,18,2002,2016,Guelph (OHL),582,85,87,172,15,135,,,,,,,15.6
21,Chicago Blackhawks,Anton Babchuk\babchan01,UA,D,18,2002,2013,Elektrostal (Russia-2),289,36,71,107,14,108,,,,,,,21.1
22,New York Islanders,Sean Bergenheim\bergese01,FI,LW,18,2002,2015,Jokerit Helsinki (KHL),506,96,84,180,-42,379,,,,,,,16.6
23,Phoenix Coyotes,Ben Eager\eagerbe01,CA,LW,18,2002,2014,Oshawa (OHL),407,43,42,85,-12,875,,,,,,,6.9
24,Toronto Maple Leafs,Alex Steen\steenal01,CA,C,18,2002,2020,Vastra Frolunda (Sweden),1018,245,377,622,42,454,,,,,,,64.7
25,Carolina Hurricanes,Cam Ward\wardca01,CA,G,18,2002,2019,Red Deer (WHL),701,1,12,13,0,48,701,334,256,88,0.908,2.74,113.8
26,Dallas Stars,Martin Vagner\vagnema01,CZ,D,18,2002,,Hull (QMJHL),,,,,,,,,,,,,
27,San Jose Sharks,Mike Morris\morrimi02,US,RW,19,2002,,St. Sebastian's (High-MA),,,,,,,,,,,,,
28,Colorado Avalanche,Jonas Johansson\johanjo02,SE,RW,18,2002,2006,HV 71 Jonkoping Jr. (Sweden-Jr.),1,0,0,0,0,2,,,,,,,0
29,Boston Bruins,Hannu Toivonen\toivoha01,FI,G,18,2002,2008,HPK Hameenlinna (Finland),61,0,0,0,0,10,61,18,24,10,0.89,3.37,7.1
30,Atlanta Thrashers,Jim Slater\slateji01,US,C,19,2002,2015,Michigan State (CCHA),584,67,71,138,-17,407,,,,,,,9.2
31,Edmonton Oilers,Jeff Deslauriers\drouije01,CA,G,18,2002,2012,Chicoutimi (QMJHL),62,0,4,4,0,8,62,23,32,4,0.901,3.24,9.4
32,Dallas Stars,Janos Vas\vasja01,HU,LW,18,2002,,Malmo Jr. (Sweden-Jr.),,,,,,,,,,,,,
33,New York Rangers,Lee Falardeau\falarle01,US,C,19,2002,,Michigan State (CCHA),,,,,,,,,,,,,
34,Dallas Stars,Tobias Stephan\stephto01,CH,G,18,2002,2009,Chur,11,0,1,1,0,0,11,1,3,2,0.883,3.49,0.8
35,Pittsburgh Penguins,Ondrej Nemec\nemecon01,CZ,D,18,2002,,Vsetin (Czech),,,,,,,,,,,,,
36,Edmonton Oilers,Jarret Stoll\stollja01,CA,C,20,2002,2016,Kootenay (WHL),872,144,244,388,2,618,,,,,,,34.1
37,Anaheim Ducks,Tim Brent\brentti01,CA,C,18,2002,2013,St. Michaell's (OHL),207,21,27,48,-21,76,,,,,,,3.1
38,Minnesota Wild,Josh Harding\hardijo01,CA,G,18,2002,2014,Regina (WHL),151,0,2,2,0,6,151,60,59,11,0.918,2.45,27.3
39,Calgary Flames,Brian McConnell\mcconbr01,US,C,19,2002,,Boston University (H-East),,,,,,,,,,,,,
40,Florida Panthers,Rob Globke\globkro01,US,C,19,2002,2008,Notre Dame (CCHA),46,1,1,2,-6,8,,,,,,,-0.6
41,Columbus Blue Jackets,Joakim Lindstrom\lindsjo01,SE,C,18,2002,2015,MoDo Ornskoldsvik (Sweden),150,19,24,43,-33,58,,,,,,,2.4
42,Dallas Stars,Marius Holtet\holtema01,NO,C,18,2002,,Farjestad Jr. (Sweden-Jr.),,,,,,,,,,,,,
43,Dallas Stars,Trevor Daley\daleytr01,CA,D,18,2002,2020,Sault Ste. Marie (OHL),1058,89,220,309,-8,648,,,,,,,62.3
44,Edmonton Oilers,Matt Greene\greenma01,US,D,19,2002,2017,Green Bay (USHL),615,17,63,80,-10,663,,,,,,,24.3
45,Montreal Canadiens,Tomas Linhart\linhato01,CZ,D,18,2002,,Pardubice Jr. (Czech-Jr.),,,,,,,,,,,,,
46,Phoenix Coyotes,David LeNeveu\lenevda01,CA,G,19,2002,2011,Cornell (ECAC),22,0,0,0,0,0,22,5,9,2,0.887,3.43,2.4
47,Ottawa Senators,Alexei Kaigorodov\kaigoal01,RU,C,19,2002,2007,Magnitogorsk (KHL),6,0,1,1,1,0,,,,,,,0.1
48,St. Louis Blues,Alexei Shkotov\shkotal01,RU,RW,18,2002,,Elektrostal Jr. (Russia-3),,,,,,,,,,,,,
49,Vancouver Canucks,Kirill Koltsov\koltski01,RU,D,19,2002,,Avangard Omsk (KHL),,,,,,,,,,,,,
50,Los Angeles Kings,Sergei Anshakov\anshase01,RU,LW,18,2002,,CSKA Moscow (Russia),,,,,,,,,,,,,
51,New Jersey Devils,Anton Kadeykin\kadeyan01,RU,D,18,2002,,Elektrostal (Russia-2),,,,,,,,,,,,,
52,San Jose Sharks,Dan Spang\spangda01,US,D,19,2002,,Winchester (High-MA),,,,,,,,,,,,,
53,New Jersey Devils,Barry Tallackson\tallaba01,US,RW,19,2002,2009,Minnesota (WCHA),20,1,1,2,-4,2,,,,,,,-0.1
54,Chicago Blackhawks,Duncan Keith\keithdu01,CA,D,19,2002,2022,Michigan State (CCHA),1256,106,540,646,159,675,,,,,,,117
55,Vancouver Canucks,Denis Grot\grotde01,BY,D,18,2002,,Elektrostal (Russia-2),,,,,,,,,,,,,
56,Boston Bruins,Vladislav Yevseyev\yevsevl01,RU,LW,18,2002,,CSKA Moscow (Russia),,,,,,,,,,,,,
57,Toronto Maple Leafs,Matt Stajan\stajama01,CA,C,18,2002,2018,Belleville (OHL),1003,146,267,413,-3,526,,,,,,,33.6
58,Detroit Red Wings,Jiri Hudler\hudleji01,CZ,C,18,2002,2017,Vsetin (Czech),708,164,264,428,40,243,,,,,,,47.7
59,Washington Capitals,Maxime Daigneault\daignma01,CA,G,18,2002,,Val d'Or (QMJHL),,,,,,,,,,,,,
60,Tampa Bay Lightning,Adam Henrich\henriad02,CA,LW,18,2002,,Brampton (OHL),,,,,,,,,,,,,
61,Colorado Avalanche,Johnny Boychuk\boychjo01,CA,D,18,2002,2020,Calgary (WHL),725,54,152,206,123,331,,,,,,,49
62,St. Louis Blues,Andrei Mikhnov\mikhnan01,UA,C,18,2002,,Sudbury (OHL),,,,,,,,,,,,,
63,Detroit Red Wings,Tomas Fleischmann\fleisto01,CZ,LW,18,2002,2016,Vitkovice Jr. (Czech-Jr.),657,137,198,335,-43,200,,,,,,,32.1
64,New Jersey Devils,Jason Ryznar\ryznaja01,US,LW,19,2002,2006,Michigan (CCHA),8,0,0,0,-1,2,,,,,,,-0.1
65,Columbus Blue Jackets,Ole-Kristian Tollefsen\tolleol01,NO,D,18,2002,2010,Lillehammer (Norway),163,4,8,12,-6,296,,,,,,,3.9
66,Los Angeles Kings,Petr Kanko\kankope01,CZ,RW,18,2002,2006,Kitchener (OHL),10,1,0,1,1,0,,,,,,,0.1
67,Florida Panthers,Gregory Campbell\campbgr01,CA,LW,18,2002,2016,Plymouth (OHL),803,71,116,187,-33,696,,,,,,,8
68,Vancouver Canucks,Brett Skinner\skinnbr01,CA,D,19,2002,2009,Des Moines (USHL),11,0,0,0,3,4,,,,,,,0.4
69,Pittsburgh Penguins,Erik Christensen\chriser01,CA,C,18,2002,2012,Kamloops (WHL),387,68,95,163,-24,162,,,,,,,14.7
70,Phoenix Coyotes,Joe Callahan\callajo02,US,D,19,2002,2011,Yale (ECAC),46,0,4,4,5,16,,,,,,,1.7
71,Anaheim Ducks,Brian Lee,US,D,,2002,,Erie (OHL),,,,,,,,,,,,,
72,Minnesota Wild,Mike Erickson\erickmi01,US,RW,19,2002,,Minnesota (WCHA),,,,,,,,,,,,,
73,Minnesota Wild,Barry Brust\brustba01,CA,G,19,2002,2007,Spokane (WHL),11,0,0,0,0,0,11,2,4,1,0.878,3.7,0.7
74,Toronto Maple Leafs,Todd Ford\fordto01,CA,G,18,2002,,Swift Current (WHL),,,,,,,,,,,,,
75,Ottawa Senators,Arttu Luttinen\luttiar01,FI,C,19,2002,,HIFK Helsinki Jr. (Finland-Jr.),,,,,,,,,,,,,
76,Buffalo Sabres,Michael Tessier\tessimi01,CA,LW,18,2002,,Acadie-Bathurst (QMJHL),,,,,,,,,,,,,
77,Washington Capitals,Patrick Wellar\wellapa01,CA,D,18,2002,,Portland (WHL),,,,,,,,,,,,,
78,Dallas Stars,Geoff Waugh\waughge01,CA,D,19,2002,,Kindersley (SJHL),,,,,,,,,,,,,
79,Edmonton Oilers,Brock Radunske\radunbr01,CA,LW,19,2002,,Michigan State (CCHA),,,,,,,,,,,,,
80,Phoenix Coyotes,Matt Jones\jonesma01,US,D,19,2002,2008,North Dakota (WCHA),106,1,10,11,-27,63,,,,,,,0.7
81,New York Rangers,Marcus Jonasen\jonasma01,SE,LW,18,2002,,Vasteras (Sweden-2),,,,,,,,,,,,,
82,Buffalo Sabres,John Adams\adamsjo03,US,D,19,2002,,Boston College (H-East),,,,,,,,,,,,,
83,Vancouver Canucks,Lukas Mensator\mensalu01,CZ,G,18,2002,,Karlovy Vary (Czech),,,,,,,,,,,,,
84,New Jersey Devils,Marek Chvatal\chvatma01,CZ,D,18,2002,,Trinec (Czech),,,,,,,,,,,,,
85,New Jersey Devils,Ahren Nittel\nitteah01,CA,LW,18,2002,,Windsor (OHL),,,,,,,,,,,,,
86,San Jose Sharks,Jonas Fiedler\fiedljo01,CZ,RW,18,2002,,Plymouth (OHL),,,,,,,,,,,,,
87,New York Islanders,Frans Nielsen\nielsfr01,DK,C,18,2002,2021,Malmo (Sweden),925,167,306,473,-37,166,,,,,,,43.3
88,Toronto Maple Leafs,Dominic D'Amour\damoudo01,CA,D,18,2002,,Hull (QMJHL),,,,,,,,,,,,,
89,St. Louis Blues,Tomas Troliga\trolito01,SK,C,18,2002,,Nova Ves (Slovakia-2),,,,,,,,,,,,,
90,Calgary Flames,Matthew Lombardi\lombama01,CA,C,20,2002,2013,Victoriaville (QMJHL),536,101,161,262,6,293,,,,,,,24.1
91,Carolina Hurricanes,Jesse Lane\laneje01,US,D,19,2002,,Hull (QMJHL),,,,,,,,,,,,,
92,Washington Capitals,Derek Krestanovich\krestde01,CA,C,19,2002,,Moose Jaw (WHL),,,,,,,,,,,,,
93,Chicago Blackhawks,Alexander Kojevnikov\kojeval01,RU,LW,18,2002,,Krylja Sovetov 2 (Russia-2),,,,,,,,,,,,,
94,Colorado Avalanche,Eric Lundberg\lundber01,US,D,19,2002,,Providence (H-East),,,,,,,,,,,,,
95,Detroit Red Wings,Valtteri Filppula\filppva01,FI,C,18,2002,2021,Jokerit Helsinki Jr. (Finland-Jr.),1056,197,333,530,-4,346,,,,,,,47.7
96,Columbus Blue Jackets,Jeff Genovy\genovje01,US,LW,19,2002,,Des Moines (USHL),,,,,,,,,,,,,
97,Phoenix Coyotes,Lance Monych\monycla01,CA,RW,18,2002,,Brandon (WHL),,,,,,,,,,,,,
98,Columbus Blue Jackets,Ivan Tkachenko\tkachiv01,RU,LW,22,2002,,Lokomotiv Yaroslavl (KHL),,,,,,,,,,,,,
99,Montreal Canadiens,Michael Lambert\lambemi01,CA,LW,18,2002,,Montreal (QMJHL),,,,,,,,,,,,,
100,Tampa Bay Lightning,Dmitri Kazionov\kaziodm01,RU,C,18,2002,,CSKA Moscow (Russia),,,,,,,,,,,,,
101,Pittsburgh Penguins,Daniel Fernholm\fernhda01,SE,D,18,2002,,Djurgarden (Sweden),,,,,,,,,,,,,
102,Nashville Predators,Brandon Segal\segalbr01,CA,RW,19,2002,2013,Calgary (WHL),103,11,11,22,1,85,,,,,,,2.1
103,Anaheim Ducks,Joonas Vihko\vihkojo01,FI,C,21,2002,,HIFK Helsinki (Finland),,,,,,,,,,,,,
104,Los Angeles Kings,Aaron Rome\romeaa01,CA,D,18,2002,2014,Swift Current (WHL),226,6,22,28,-17,185,,,,,,,5.2
105,Philadelphia Flyers,Rosario Ruggeri\ruggero01,CA,D,18,2002,,Chicoutimi (QMJHL),,,,,,,,,,,,,
106,Edmonton Oilers,Ivan Koltsov\koltsiv01,RU,D,18,2002,,Cherepovets-2 (Russia-3),,,,,,,,,,,,,
107,Colorado Avalanche,Mikko Kalteva\kaltemi01,FI,D,18,2002,,Jokerit Helsinki Jr. (Finland-Jr.),,,,,,,,,,,,,
108,Buffalo Sabres,Jakub Hulva\hulvaja01,CZ,RW,18,2002,,Vitkovice Jr. (Czech-Jr.),,,,,,,,,,,,,
109,Washington Capitals,Jevon Desautels\desauje01,CA,LW,18,2002,,Spokane (WHL),,,,,,,,,,,,,
110,Dallas Stars,Jarkko A. Immonen\immonja02,FI,C,18,2002,,Blues Espoo Jr. (Finland-Jr.),,,,,,,,,,,,,
111,Edmonton Oilers,Jonas Almtorp\almtojo01,SE,C,18,2002,,MoDo Ornskoldsvik Jr. (Sweden-Jr.),,,,,,,,,,,,,
112,Calgary Flames,Yuri Artemenkov\artemyu01,RU,RW,18,2002,,Krylja Sovetov 2 (Russia-2),,,,,,,,,,,,,
113,Ottawa Senators,Scott Dobben\dobbesc01,CA,C/LW,19,2002,,Erie (OHL),,,,,,,,,,,,,
114,Vancouver Canucks,John Laliberte\lalibjo01,US,RW,19,2002,,N.H. Jr. Monarchs (EJHL),,,,,,,,,,,,,
115,Los Angeles Kings,Mark Rooneem\roonema01,CA,LW,19,2002,,Kamloops (WHL),,,,,,,,,,,,,
116,Atlanta Thrashers,Patrick Dwyer\dwyerpa01,US,RW,19,2002,2015,Western Michigan (CCHA),416,42,51,93,-32,77,,,,,,,4.4
117,New Jersey Devils,Cam Janssen\janssca01,US,RW,18,2002,2014,Windsor (OHL),336,6,8,14,-26,774,,,,,,,-1.4
118,Washington Capitals,Petr Dvorak\dvorape01,CZ,C,18,2002,,Havirov-Jr. (Czech-Jr.),,,,,,,,,,,,,
119,Columbus Blue Jackets,Jekabs Redlihs\redlije01,LV,D,20,2002,,NY Apple Core (EJHL),,,,,,,,,,,,,
120,St. Louis Blues,Robin Jonsson\jonssro01,SE,D,18,2002,,Bofors,,,,,,,,,,,,,
121,Buffalo Sabres,Marty Magers\magerma01,US,G,19,2002,,Omaha (USHL),,,,,,,,,,,,,
122,Toronto Maple Leafs,David Turon\turonda01,CZ,D,18,2002,,Havirov (Czech-2),,,,,,,,,,,,,
123,Edmonton Oilers,invalid pick\inval01,,,,2002,,,,,,,,,,,,,,,
124,Atlanta Thrashers,Lane Manson\mansola01,CA,D,18,2002,,Moose Jaw (WHL),,,,,,,,,,,,,
125,Ottawa Senators,Johan Bjork\bjorkjo01,SE,D,18,2002,,Malmo Jr. (Sweden-Jr.),,,,,,,,,,,,,
126,Philadelphia Flyers,Konstantin Baranov\baranko01,RU,RW,20,2002,,Lada Togliatti (KHL),,,,,,,,,,,,,
127,New York Rangers,Nate Guenin\guenina01,US,D,19,2002,2016,Green Bay (USHL),205,5,23,28,7,94,,,,,,,6.7
128,Chicago Blackhawks,Matt Ellison\ellisma02,CA,RW,18,2002,2007,Cowichan Valley (BCHL),43,3,11,14,-5,19,,,,,,,0.5
129,Colorado Avalanche,Tom Gilbert\gilbeto01,US,D,19,2002,2017,Chicago (USHL),655,45,178,223,-40,198,,,,,,,40
130,Boston Bruins,Jan Kubista\kubisja01,CZ,RW,18,2002,,Pardubice Jr. (Czech-Jr.),,,,,,,,,,,,,
131,Detroit Red Wings,Johan Berggren\berggjo01,SE,D,18,2002,,Sunne (Sweden-3),,,,,,,,,,,,,
132,Phoenix Coyotes,John Zeiler\zeilejo01,US,RW,19,2002,2011,Sioux City (USHL),90,1,4,5,-11,87,,,,,,,-1
133,Columbus Blue Jackets,Lasse Pirjeta\pirjela01,FI,C,28,2002,2006,Karpat Oulu (Finland),146,23,27,50,-3,50,,,,,,,5.2
134,Florida Panthers,Topi Jaakola\jaakoto01,FI,D,18,2002,,Karpat Oulu (Finland),,,,,,,,,,,,,
135,Tampa Bay Lightning,Joe Pearce\pearcjo01,US,G,20,2002,,N.H. Jr. Monarchs (EJHL),,,,,,,,,,,,,
136,Pittsburgh Penguins,Andrew Sertich\sertian01,US,LW,19,2002,,Greenway (High-MN),,,,,,,,,,,,,
137,Pittsburgh Penguins,Cam Paddock\paddoca01,CA,C,19,2002,2009,Kelowna (WHL),16,2,1,3,-4,0,,,,,,,0.1
138,Nashville Predators,Patrick Jarrett\jarrepa01,CA,C,18,2002,,Owen Sound (OHL),,,,,,,,,,,,,
139,San Jose Sharks,Kris Newbury\newbukr01,CA,C,20,2002,2014,Sarnia (OHL),76,4,6,10,-3,139,,,,,,,0.5
140,Anaheim Ducks,George Davis\davisge01,CA,RW,19,2002,,Cape Breton (QMJHL),,,,,,,,,,,,,
141,Calgary Flames,Jiri Cetkovsky\cetkoji01,CZ,C,18,2002,,Zlin Jr. (Slovak-Jr.),,,,,,,,,,,,,
142,Calgary Flames,Emanuel Peter\peterem01,CH,C,18,2002,,Kloten (Swiss),,,,,,,,,,,,,
143,New York Rangers,Mike Walsh\walshmi02,US,LW,19,2002,,Detroit Compuware (NAHL),,,,,,,,,,,,,
144,Atlanta Thrashers,Paul Flache\flachpa01,CA,D,20,2002,,Brampton (OHL),,,,,,,,,,,,,
145,Washington Capitals,Rob Gherson\ghersro01,CA,G,18,2002,,Sarnia (OHL),,,,,,,,,,,,,
146,Calgary Flames,Viktor Bobrov\bobrovi01,RU,C,18,2002,,CSKA Moscow 2 (Russia),,,,,,,,,,,,,
147,Dallas Stars,David Bararuk\bararda01,CA,C,19,2002,,Moose Jaw (WHL),,,,,,,,,,,,,
148,Edmonton Oilers,Glenn Fisher\fishegl01,CA,G,19,2002,,Ft-Saskatchewan (AJHL),,,,,,,,,,,,,
149,New York Islanders,Marcus Paulsson\paulsma01,SE,C,18,2002,,Morrum (Sweden-2),,,,,,,,,,,,,
150,Ottawa Senators,Brock Hooton\hootobr01,CA,RW,19,2002,,Quesnel (BCHL),,,,,,,,,,,,,
151,Vancouver Canucks,Rob McVicar\mcvicro01,CA,G,20,2002,2006,Brandon (WHL),1,0,0,0,0,0,1,0,0,0,,0,0
152,Los Angeles Kings,Greg Hogeboom\hogebgr01,CA,RW,19,2002,,Miami (Ohio) (CCHA),,,,,,,,,,,,,
153,Boston Bruins,Peter Hamerlik\hamerpe01,SK,G,20,2002,,Kingston (OHL),,,,,,,,,,,,,
154,New Jersey Devils,Krisjanis Redlihs\redlikr01,LV,D,21,2002,,Metalurgs Liepaja (Belarus-Jr.),,,,,,,,,,,,,
155,Minnesota Wild,Armands Berzins\berziar01,LV,C,18,2002,,Shawinigan (QMJHL),,,,,,,,,,,,,
156,Chicago Blackhawks,James Wisniewski\wisnija01,US,D,18,2002,2016,Plymouth (OHL),552,53,221,274,-22,459,,,,,,,44.8
157,Los Angeles Kings,Joel Andresen\andrejo01,CA,D,19,2002,,St. Albert (AJHL),,,,,,,,,,,,,
158,Florida Panthers,Vince Bellissimo\bellivi01,CA,C,19,2002,,Topeka (USHL),,,,,,,,,,,,,
159,Calgary Flames,Kristofer Persson\persskr01,SE,RW,18,2002,,MoDo Ornskoldsvik Jr. (Sweden-Jr.),,,,,,,,,,,,,
160,Carolina Hurricanes,Daniel Manzato\manzada01,CH,G,18,2002,,Victoriaville (QMJHL),,,,,,,,,,,,,
161,Philadelphia Flyers,Dov Grumet-Morris\grumedo01,US,G,20,2002,,Harvard (ECAC),,,,,,,,,,,,,
162,Tampa Bay Lightning,Gerard Dicaire\dicaige01,YU,D,20,2002,,Kootenay (WHL),,,,,,,,,,,,,
163,San Jose Sharks,Tom Walsh\walshto01,US,D,19,2002,,Deerfield Academy (High-MA),,,,,,,,,,,,,
164,Colorado Avalanche,Tyler Weiman\weimaty01,CA,G,18,2002,2008,Tri-City (WHL),1,0,0,0,0,0,1,0,0,0,1,0,0.2
165,St. Louis Blues,Justin Maiser\maiseju01,US,C,19,2002,,Boston University (H-East),,,,,,,,,,,,,
166,Detroit Red Wings,Logan Koopmans\koopmlo01,CA,G,18,2002,,Lethbridge (WHL),,,,,,,,,,,,,
167,Atlanta Thrashers,Brad Schell\schelbr01,CA,C,18,2002,,Spokane (WHL),,,,,,,,,,,,,
168,Columbus Blue Jackets,Tim Konsorada\konsoti01,CA,RW,18,2002,,Brandon (WHL),,,,,,,,,,,,,
169,Florida Panthers,Jeremy Swanson\swansje01,CA,D,18,2002,,Barrie (OHL),,,,,,,,,,,,,
170,Tampa Bay Lightning,P.J. Atherton\atherp.01,US,D,20,2002,,Cedar Rapids (USHL),,,,,,,,,,,,,
171,Pittsburgh Penguins,Robert Goepfert\goepfro01,US,G,19,2002,,Cedar Rapids (USHL),,,,,,,,,,,,,
172,Nashville Predators,Mike McKenna\mckenmi01,US,G,19,2002,2019,St. Lawrence (ECAC),35,0,1,1,0,0,35,7,17,3,0.89,3.6,3.5
173,Anaheim Ducks,Luke Fritshaw\fritslu01,CA,D,18,2002,,Prince Albert (WHL),,,,,,,,,,,,,
174,Tampa Bay Lightning,Karri Akkanen\akkanka01,FI,RW,18,2002,,Ilves Tampere Jr. (Finland-Jr.),,,,,,,,,,,,,
175,Minnesota Wild,Matt Foy\foyma01,CA,RW,19,2002,2008,Merrimack (H-East),56,6,7,13,-6,48,,,,,,,1
176,Calgary Flames,Curtis McElhinney\mcelhcu01,CA,G,19,2002,2021,Colorado College (WCHA),249,0,4,4,0,4,249,94,95,20,0.907,2.83,35.2
177,New York Rangers,Jake Taylor\tayloja01,US,D,19,2002,,Green Bay (USHL),,,,,,,,,,,,,
178,Buffalo Sabres,Maxim Scheviev\schevma01,RU,C,18,2002,,Elektrostal (Russia-2),,,,,,,,,,,,,
179,Washington Capitals,Marian Havel\havelma01,CZ,C/LW,18,2002,,Vancouver (WCHL),,,,,,,,,,,,,
180,Dallas Stars,Kirill Sidorenko\sidorki01,RU,C,19,2002,,Kurgan,,,,,,,,,,,,,
181,Edmonton Oilers,Mikko Luoma\luomami01,FI,D,26,2002,2004,Tappara Tampere (Finland),3,0,1,1,0,0,,,,,,,0.1
182,Montreal Canadiens,Andre Deveaux\deveaan01,BS,C,18,2002,2012,Belleville (OHL),31,0,2,2,-1,104,,,,,,,-0.2
183,Tampa Bay Lightning,Paul Ranger\rangepa01,CA,D,18,2002,2014,Oshawa (OHL),323,24,82,106,-11,254,,,,,,,19.4
184,Columbus Blue Jackets,Jaroslav Balastik\balasja01,CZ,RW,22,2002,2007,Continental Zlin (Czech),74,13,11,24,-4,30,,,,,,,1.9
185,Los Angeles Kings,Ryan Murphy,US,RW,,2002,,Boston College (H-East),,,,,,,,,,,,,
186,Phoenix Coyotes,Jeff Pietrasiak\pietrje01,US,G,19,2002,,Berkshire (High-MA),,,,,,,,,,,,,
187,New Jersey Devils,Eric Johansson\johaner01,CA,C,20,2002,,Tri-City (WHL),,,,,,,,,,,,,
188,Chicago Blackhawks,Kevin Kantee\kanteke01,US,D,18,2002,,Jokerit Helsinki Jr. (Finland-Jr.),,,,,,,,,,,,,
189,New York Islanders,Alexei Stonkus\stonkal01,RU,D,18,2002,,Elektrostal (Russia-2),,,,,,,,,,,,,
190,St. Louis Blues,D.J. King\kingdj01,CA,C,18,2002,2012,Lethbridge (WHL),118,4,7,11,-14,215,,,,,,,-0.1
191,Toronto Maple Leafs,Ian White\whiteia01,CA,D,18,2002,2013,Swift Current (WHL),503,45,134,179,46,254,,,,,,,35.2
192,Philadelphia Flyers,Nikita Korovkin\korovni01,RU,D,18,2002,,Kamloops (WHL),,,,,,,,,,,,,
193,Philadelphia Flyers,Joey Mormina\mormijo01,CA,D,20,2002,2008,Colgate (ECAC),1,0,0,0,0,0,,,,,,,0
194,New York Rangers,Kim Hirschovits\hirscki01,FI,C,20,2002,,HIFK Helsinki (Finland),,,,,,,,,,,,,
195,Colorado Avalanche,Taylor Christie\christa01,CA,D,19,2002,,Bowling Green (CCHA),,,,,,,,,,,,,
196,Florida Panthers,Mikael Vuorio\vuorimi01,FI,G,18,2002,,Lukko Rauma Jr. (Finland-Jr.),,,,,,,,,,,,,
197,Detroit Red Wings,Jimmy Cuddihy\cuddiji01,CA,C,18,2002,,Shawinigan (QMJHL),,,,,,,,,,,,,
198,Atlanta Thrashers,Nathan Oystrick\oystrna01,CA,D,19,2002,2011,South Surrey (BCHL),65,5,10,15,-2,61,,,,,,,2.4
199,Columbus Blue Jackets,Greg Mauldin\mauldgr01,US,C,20,2002,2011,Massachusetts (H-East),36,5,5,10,2,12,,,,,,,1.1
200,Florida Panthers,Denis Yachmenev\yachmde01,RU,LW,18,2002,,North Bay (OHL),,,,,,,,,,,,,
201,Philadelphia Flyers,Mathieu Brunelle\brunema02,CA,LW,19,2002,,Victoriaville (QMJHL),,,,,,,,,,,,,
202,Pittsburgh Penguins,Patrik Baertschi\baertpa01,CH,C/RW,18,2002,,Kloten (Swiss),,,,,,,,,,,,,
203,Nashville Predators,Josh Morrow\morrojo01,CA,D,19,2002,,Tri-City (WHL),,,,,,,,,,,,,
204,Minnesota Wild,Niklas Eckerblom\eckerni01,SE,C,18,2002,,Djurgarden Jr. (Sweden-Jr.),,,,,,,,,,,,,
205,Edmonton Oilers,J.F. Dufort\duforj.01,CA,LW,20,2002,,Cape Breton (QMJHL),,,,,,,,,,,,,
206,Calgary Flames,David Van Der Gulik\vandeda01,CA,RW,19,2002,2015,Chilliwack (BCHL),49,2,11,13,8,10,,,,,,,1.3
207,Calgary Flames,Pierre Johnsson\johnspi01,SE,D,18,2002,,Farjestad Jr. (Sweden-Jr.),,,,,,,,,,,,,
208,Buffalo Sabres,Radoslav Hecl\heclra01,SK,D,27,2002,2003,Bratislava (KHL),14,0,0,0,0,2,,,,,,,0.2
209,Washington Capitals,Joni Lindlof\lindljo01,FI,LW,18,2002,,Tappara Tampere Jr. (Finland-Jr.),,,,,,,,,,,,,
210,Dallas Stars,Bryan Hamm\hammbr01,CA,D,18,2002,,Peterborough (OHL),,,,,,,,,,,,,
211,Edmonton Oilers,Patrick Murphy\murphpa01,US,LW,19,2002,,Newmarket (OHL),,,,,,,,,,,,,
212,Montreal Canadiens,Jonathan Ferland\ferlajo01,CA,RW,19,2002,2006,Acadie-Bathurst (QMJHL),7,1,0,1,-2,2,,,,,,,0
213,Tampa Bay Lightning,Fredrik Norrena\norrefr01,FI,G,28,2002,2009,TPS Turku (Finland),100,0,1,1,0,6,100,35,45,11,0.899,2.79,12.6
214,Vancouver Canucks,Marc-Andre Roy\royma02,CA,LW,18,2002,,Baie-Comeau (QMJHL),,,,,,,,,,,,,
215,Los Angeles Kings,Mikhail Lyubushin\lyubumi01,RU,D,19,2002,,Krylja Sovetov (Russia),,,,,,,,,,,,,
216,Phoenix Coyotes,Ladislav Kouba\koubala01,CZ,LW,19,2002,,Red Deer (WHL),,,,,,,,,,,,,
217,San Jose Sharks,Tim Conboy\conboti01,US,D,20,2002,2010,Topeka (USHL),59,0,6,6,-5,121,,,,,,,0.1
218,New Jersey Devils,Ilkka Pikkarainen\pikkail01,FI,RW,21,2002,2010,HIFK Helsinki (Finland),31,1,3,4,-3,10,,,,,,,0
219,Chicago Blackhawks,Tyson Kellerman\kellety01,CA,G,18,2002,,North Bay (OHL),,,,,,,,,,,,,
220,New York Islanders,Brad Topping\toppibr01,CA,G,18,2002,,Brampton (OHL),,,,,,,,,,,,,
221,St. Louis Blues,Jonas Johnson\johnsjo02,SE,C,32,2002,,Vastra Frolunda (Sweden),,,,,,,,,,,,,
222,Toronto Maple Leafs,Scott May\maysc01,CA,RW,20,2002,,Ohio State (CCHA),,,,,,,,,,,,,
223,Vancouver Canucks,Ilja Krikunov\krikuil01,RU,LW,18,2002,,Elektrostal (Russia-2),,,,,,,,,,,,,
224,Carolina Hurricanes,Adam Taylor\tayload01,CA,C,18,2002,,Kootenay (WHL),,,,,,,,,,,,,
225,Columbus Blue Jackets,Steven Goertzen\goertst01,CA,RW,18,2002,2010,Seattle (WHL),68,2,2,4,-21,83,,,,,,,-1.2
226,New York Rangers,Joey Crabb\crabbjo01,US,RW,19,2002,2014,Green Bay (USHL),179,20,33,53,-5,100,,,,,,,3.7
227,Colorado Avalanche,Ryan Steeves\steevry01,CA,C/LW,19,2002,,Yale (ECAC),,,,,,,,,,,,,
228,Boston Bruins,Dmitri Utkin\utkindm01,RU,LW,18,2002,,Lokomotiv Yaroslavl 2 (Russia-3),,,,,,,,,,,,,
229,Detroit Red Wings,Derek Meech\meechde01,CA,D,18,2002,2013,Red Deer (WHL),144,4,13,17,-27,45,,,,,,,1.6
230,Atlanta Thrashers,Colton Fretter\frettco01,CA,RW,20,2002,,Chatham (GOJHL),,,,,,,,,,,,,
231,Columbus Blue Jackets,Jaroslav Kracik\kracija01,CZ,RW,19,2002,,Plzen Jr. (Czech-Jr.),,,,,,,,,,,,,
232,Florida Panthers,Peter Hafner\hafnepe01,US,D,19,2002,,Taft School (High-CT),,,,,,,,,,,,,
233,Tampa Bay Lightning,Vasily Koshechkin\kosheva01,RU,G,19,2002,,Lada Togliatti 2 (Russia-3),,,,,,,,,,,,,
234,Pittsburgh Penguins,Maxime Talbot\talboma01,CA,C,18,2002,2016,Hull (QMJHL),704,91,113,204,-27,495,,,,,,,12.4
235,Nashville Predators,Kaleb Betts\bettska01,CA,C,19,2002,,Chilliwack (BCHL),,,,,,,,,,,,,
236,Atlanta Thrashers,Tyler Boldt\boldtty01,CA,D,18,2002,,Kamloops (WHL),,,,,,,,,,,,,
237,Minnesota Wild,Christoph Brandner\brandch01,AT,LW,27,2002,2004,Krefeld (Germany),35,4,5,9,-2,8,,,,,,,0.7
238,Calgary Flames,Jyri Marttinen\marttjy01,FI,D,20,2002,,JyP HT Jyvaskyla (Finland),,,,,,,,,,,,,
239,Pittsburgh Penguins,Ryan Lannon\lannory01,US,D,19,2002,,Harvard (ECAC),,,,,,,,,,,,,
240,New York Rangers,Petr Prucha\pruchpe01,CZ,RW,20,2002,2011,Pardubice (Czech),346,78,68,146,-4,133,,,,,,,15.2
241,Buffalo Sabres,Dennis Wideman\widemde01,CA,D,19,2002,2017,London (OHL),815,99,288,387,-72,503,,,,,,,66.3
242,Washington Capitals,Igor Ignatushkin\ignatig01,RU,C,18,2002,,Elektrostal (Russia-2),,,,,,,,,,,,,
243,Dallas Stars,Tuomas Mikkonen\mikkotu01,FI,LW,19,2002,,JyP HT Jyvaskyla (Finland),,,,,,,,,,,,,
244,Edmonton Oilers,Dwight Helminen\helmidw01,US,C,19,2002,2010,Michigan (CCHA),27,2,1,3,-3,0,,,,,,,0.1
245,Edmonton Oilers,Tomas Micka\mickato01,CZ,LW,19,2002,,Slavia Praha Jr. (Czech-Jr.),,,,,,,,,,,,,
246,Ottawa Senators,Josef Vavra\vavrajo01,CZ,LW,18,2002,,Vsetin Jr. (Czech-Jr.),,,,,,,,,,,,,
247,Vancouver Canucks,Matt Violin\violima01,CA,G,20,2002,,Lake Superior State (CCHA),,,,,,,,,,,,,
248,Los Angeles Kings,Tuukka Pulliainen\pullitu01,FI,RW,18,2002,,TuTo (Finland-2),,,,,,,,,,,,,
249,Phoenix Coyotes,Marcus Smith\smithma02,US,D,19,2002,,Kitchener (OHL),,,,,,,,,,,,,
250,New Jersey Devils,Dan Glover\gloveda01,CA,D,19,2002,,Camrose (AJHL),,,,,,,,,,,,,
251,Chicago Blackhawks,Jason Kostadine\kostaja01,US,RW,18,2002,,Hull (QMJHL),,,,,,,,,,,,,
252,New York Islanders,Martin Chabada\chabama01,CZ,LW,25,2002,,Sparta Praha (Czech),,,,,,,,,,,,,
253,St. Louis Blues,Tom Koivisto\koivito01,FI,D,28,2002,2003,Jokerit Helsinki (KHL),22,2,4,6,1,10,,,,,,,1.2
254,Toronto Maple Leafs,Jarkko Immonen\immonja01,FI,C,20,2002,2007,Assat Pori (Finland),20,3,5,8,-3,4,,,,,,,0.6
255,Tampa Bay Lightning,Ryan Craig\craigry01,CA,C,20,2002,2015,Brandon (WHL),198,32,31,63,-29,148,,,,,,,3.9
256,Tampa Bay Lightning,Darren Reid\reidda03,CA,RW,19,2002,2007,Medicine Hat (WHL),21,0,1,1,-9,18,,,,,,,-0.5
257,Atlanta Thrashers,Pauli Levokari\levokpa01,FI,D,24,2002,,HIFK Helsinki (Finland),,,,,,,,,,,,,
258,Colorado Avalanche,Sergei Shemetov\shemese01,RU,LW,18,2002,,Elektrostal (Russia-2),,,,,,,,,,,,,
259,Boston Bruins,Yan Stastny\stastya01,CA,C,19,2002,2010,Notre Dame (CCHA),91,6,10,16,-20,58,,,,,,,0
260,Detroit Red Wings,Pierre-Olivier Beaulieu\beaulpi01,CA,D,18,2002,,Quebec (QMJHL),,,,,,,,,,,,,
261,Anaheim Ducks,Francois Caron\caronfr01,CA,D,18,2002,,Moncton (QMJHL),,,,,,,,,,,,,
262,Detroit Red Wings,Christian Soderstrom\soderch01,SE,LW,21,2002,,Timra (Sweden-2),,,,,,,,,,,,,
263,Columbus Blue Jackets,Sergei Mozyakin\mozyase01,RU,LW,21,2002,,CSKA Moscow (Russia),,,,,,,,,,,,,
264,Nashville Predators,Matt Davis\davisma02,CA,G,18,2002,,Moncton (QMJHL),,,,,,,,,,,,,
265,Pittsburgh Penguins,Dwight Labrosse\labrodw01,US,G,18,2002,,Guelph (OHL),,,,,,,,,,,,,
266,Nashville Predators,Steven Spencer\spencst01,CA,D,20,2002,,Swift Current (WHL),,,,,,,,,,,,,
267,Anaheim Ducks,Chris Petrow\petroch01,CA,D,18,2002,,Oshawa (OHL),,,,,,,,,,,,,
268,Minnesota Wild,Mikhail Tyulyapkin\tyulymi01,RU,D,18,2002,,Nizhny Novgorod 2,,,,,,,,,,,,,
269,Minnesota Wild,Mika Hannula\hannumi01,SE,RW,23,2002,,Malmo (Sweden),,,,,,,,,,,,,
270,New York Rangers,Rob Flynn\flynnro01,US,RW,19,2002,,Harvard (ECAC),,,,,,,,,,,,,
271,Buffalo Sabres,Martin Cizek\cizekma01,CZ,D,18,2002,,Slavia Praha Jr. (Czech-Jr.),,,,,,,,,,,,,
272,Washington Capitals,Patric Blomdahl\blomdpa01,SE,RW,18,2002,,AIK Solna Jr. (Sweden-2),,,,,,,,,,,,,
273,Dallas Stars,Ned Havern\haverne01,US,LW,19,2002,,Boston College (H-East),,,,,,,,,,,,,
274,Edmonton Oilers,Fredrik Johansson\johanfr01,SE,C,18,2002,,Vastra Frolunda Jr. (Sweden-Jr.),,,,,,,,,,,,,
275,Montreal Canadiens,Konstantin Korneev\korneko01,RU,D,18,2002,,Krylja Sovetov 2 (Russia-2),,,,,,,,,,,,,
276,Ottawa Senators,Vitali Atyushov\atyusvi01,RU,D,23,2002,,Perm (Russia-2),,,,,,,,,,,,,
277,Vancouver Canucks,Thomas Nussli\nusslth01,CH,RW,20,2002,,EV Zug (Swiss),,,,,,,,,,,,,
278,Vancouver Canucks,Matt Gens\gensma01,US,D,19,2002,,St. Cloud State (WCHA),,,,,,,,,,,,,
279,Los Angeles Kings,Connor James\jamesco01,CA,RW,20,2002,2009,Denver (WCHA),16,1,0,1,-3,2,,,,,,,-0.1
280,Phoenix Coyotes,Russell Spence\spencru01,CA,C,20,2002,,Opaskwayak,,,,,,,,,,,,,
281,New Jersey Devils,Bill Kinkel\kinkebi01,US,LW,18,2002,,Kitchener (OHL),,,,,,,,,,,,,
282,Chicago Blackhawks,Adam Burish\burisad01,US,RW,19,2002,2015,Green Bay (USHL),378,27,33,60,-21,554,,,,,,,0.9
283,New York Islanders,Per Braxenholm\braxepe01,SE,D,18,2002,,Morrum (Sweden-2),,,,,,,,,,,,,
284,St. Louis Blues,Ryan MacMurchy\macmury01,CA,RW,19,2002,,Notre Dame (SJHL),,,,,,,,,,,,,
285,Toronto Maple Leafs,Staffan Kronwall\kronwst01,SE,D,20,2002,2010,Huddinge (Sweden),66,1,3,4,-7,23,,,,,,,0.7
286,Tampa Bay Lightning,Alexei Glukhov\glukhal01,RU,RW,18,2002,,Voskresensk 2 (Russia-3),,,,,,,,,,,,,
287,Tampa Bay Lightning,John Toffey\toffejo01,US,C,19,2002,,Ohio State (CCHA),,,,,,,,,,,,,
288,San Jose Sharks,Michael Hutchins\hutchmi02,US,D,19,2002,,Des Moines (USHL),,,,,,,,,,,,,
289,Colorado Avalanche,Sean Collins\collise03,US,C,19,2002,,New Hampshire (H-East),,,,,,,,,,,,,
290,Boston Bruins,Pavel Frolov\frolopa01,RU,C,18,2002,,Nizhny Novgorod 2,,,,,,,,,,,,,
291,Detroit Red Wings,Jonathan Ericsson\ericsjo01,SE,D,18,2002,2020,Hasten Jr. (Sweden-Jr.),680,27,98,125,-21,535,,,,,,,27.3
